existing_url,status,indexability,title,h1,meta_description,word_count,canonical,primary_topic,search_intent,cannibalization_risk,recommended_action,destination_if_consolidating,supporting_landing_page,priority,notes
/blog,200 OK,Indexable,Blog — Relief Plus,Why Your Jaw Hurts (TMJ Pain Guide for Lafayette LA),"Learn why back pain, neck pain, sciatica, and joint injuries are so common in Carencro, LA, and how chiropractic care, rehab, and movement-based treatment can help.",417,https://www.myreliefplus.com/blog,Local / Educational,Content discovery and topical navigation,Low,RESTORE,,/services,P0,Rebuild as the real blog hub; its current H1 incorrectly reflects the newest article.
/blog/why-your-hip-hurts-when-you-walk-lafayette-la-guide,200 OK,Indexable,Why Your Hip Hurts When You Walk (Lafayette LA Guide) — Relief Plus,Why Your Hip Hurts When You Walk (Lafayette LA Guide),,706,https://www.myreliefplus.com/blog/why-your-hip-hurts-when-you-walk-lafayette-la-guide,Knee / Hip / Lower Extremity,Narrow patient education / informational,Low,KEEP / LIGHT POLISH,,/hip-pain-lafayette,P2,"Distinct narrow informational intent; preserve URL and original date, then improve links, sourcing, and wording only where needed."
/blog/why-your-elbow-hurts-when-you-lift-lafayette-la-guide,200 OK,Indexable,Why Your Elbow Hurts When You Lift (Lafayette LA Guide) — Relief Plus,Why Your Elbow Hurts When You Lift (Lafayette LA Guide),,727,https://www.myreliefplus.com/blog/why-your-elbow-hurts-when-you-lift-lafayette-la-guide,Shoulder / Upper Extremity,Narrow patient education / informational,Low,KEEP / LIGHT POLISH,,/tennis-elbow-lafayette,P2,"Distinct narrow informational intent; preserve URL and original date, then improve links, sourcing, and wording only where needed."
/blog/healing-your-shoulder-why-prolozone-is-a-game-changer-for-ac-joint-injuries,200 OK,Indexable,Healing Your Shoulder: Why Prolozone is a Game-Changer for AC Joint Injuries — Relief Plus,Healing Your Shoulder: Why Prolozone is a Game-Changer for AC Joint Injuries,,586,https://www.myreliefplus.com/blog/healing-your-shoulder-why-prolozone-is-a-game-changer-for-ac-joint-injuries,Shoulder / Upper Extremity,Narrow patient education / informational,Medium,HOLD FOR OWNER REVIEW,,/shoulder-pain-lafayette,P1,"Preserve URL and original publication date; improve unique purpose, clinical nuance, sources, headings, and contextual links. Refine overbroad or promotional claims where present."
/blog/car-accident-injury-treatment-in-lafayette-la-what-to-do-immediately-and-why-waiting-can-make-it-worse,200 OK,Indexable,Car Accident Injury Treatment in Lafayette LA: What to Do Immediately (And Why Waiting Can Make It Worse) — Relief Plus,Car Accident Injury Treatment in Lafayette LA: What to Do Immediately (And Why Waiting Can Make It Worse),,745,https://www.myreliefplus.com/blog/car-accident-injury-treatment-in-lafayette-la-what-to-do-immediately-and-why-waiting-can-make-it-worse,Injury / Function,Local commercial treatment intent,High,CONSOLIDATE TO LANDING PAGE,/car-accident-injuries-lafayette,/car-accident-injuries-lafayette,P2,"Preserve URL and original publication date; improve unique purpose, clinical nuance, sources, headings, and contextual links. Refine overbroad or promotional claims where present."
/blog/can-ozone-injections-help-your-knee-osteoarthritis-a-modern-approach-to-pain-management,200 OK,Indexable,Can Ozone Injections Help Your Knee Osteoarthritis? A Modern Approach to Pain Management — Relief Plus,Can Ozone Injections Help Your Knee Osteoarthritis? A Modern Approach to Pain Management,,789,https://www.myreliefplus.com/blog/can-ozone-injections-help-your-knee-osteoarthritis-a-modern-approach-to-pain-management,Knee / Hip / Lower Extremity,Narrow patient education / informational,Low,UPGRADE,,/knee-osteoarthritis-lafayette,P2,"Preserve URL and original publication date; improve unique purpose, clinical nuance, sources, headings, and contextual links. Refine overbroad or promotional claims where present."
/blog/unlocking-recovery-how-systemic-ozone-therapy-complements-chiropractic-care,200 OK,Indexable,Unlocking Recovery: How Systemic Ozone Therapy Complements Chiropractic Care — Relief Plus,Unlocking Recovery: How Systemic Ozone Therapy Complements Chiropractic Care,,798,https://www.myreliefplus.com/blog/unlocking-recovery-how-systemic-ozone-therapy-complements-chiropractic-care,Regenerative / Advanced Treatments,Narrow patient education / informational,Low,HOLD FOR OWNER REVIEW,,/ozone-injection-therapy-lafayette,P2,"Preserve URL and original publication date; improve unique purpose, clinical nuance, sources, headings, and contextual links. Refine overbroad or promotional claims where present."
/blog/why-your-neck-hurts-when-you-wake-up-lafayette-la-guide,200 OK,Indexable,Why Your Neck Hurts When You Wake Up (Lafayette LA Guide) — Relief Plus,Why Your Neck Hurts When You Wake Up (Lafayette LA Guide),,764,https://www.myreliefplus.com/blog/why-your-neck-hurts-when-you-wake-up-lafayette-la-guide,Chiropractic / Spine,Narrow patient education / informational,Low,KEEP / LIGHT POLISH,,/neck-pain-lafayette,P2,"Distinct narrow informational intent; preserve URL and original date, then improve links, sourcing, and wording only where needed."
/blog/why-your-jaw-hurts-tmj-pain-guide-for-lafayette-la,200 OK,Indexable,Why Your Jaw Hurts (TMJ Pain Guide for Lafayette LA) — Relief Plus,Why Your Jaw Hurts (TMJ Pain Guide for Lafayette LA),,680,https://www.myreliefplus.com/blog/why-your-jaw-hurts-tmj-pain-guide-for-lafayette-la,TMJ / Headache,Narrow patient education / informational,Low,RESTORE,,/tmj-treatment-lafayette,P0,"Linked from a built condition page; restore exact URL and upgrade evidence, structure, metadata, and internal links during build."
/blog/whiplash-treatment-in-lafayette-la-symptoms-causes-and-how-to-recover-faster,200 OK,Indexable,"Whiplash Treatment in Lafayette LA: Symptoms, Causes, and How to Recover Faster — Relief Plus","Whiplash Treatment in Lafayette LA: Symptoms, Causes, and How to Recover Faster",,679,https://www.myreliefplus.com/blog/whiplash-treatment-in-lafayette-la-symptoms-causes-and-how-to-recover-faster,Knee / Hip / Lower Extremity,Local commercial treatment intent,High,CONSOLIDATE TO LANDING PAGE,/car-accident-injuries-lafayette,/hip-pain-lafayette,P2,"Preserve URL and original publication date; improve unique purpose, clinical nuance, sources, headings, and contextual links. Refine overbroad or promotional claims where present."
/blog/shoulder-pain-treatment-in-lafayette-la-why-it-wont-go-away-and-what-actually-helps,200 OK,Indexable,Shoulder Pain Treatment in Lafayette LA: Why It Won’t Go Away (And What Actually Helps) — Relief Plus,Shoulder Pain Treatment in Lafayette LA: Why It Won’t Go Away (And What Actually Helps),,669,https://www.myreliefplus.com/blog/shoulder-pain-treatment-in-lafayette-la-why-it-wont-go-away-and-what-actually-helps,Shoulder / Upper Extremity,Local commercial treatment intent,High,CONSOLIDATE TO LANDING PAGE,/shoulder-pain-lafayette,/shoulder-pain-lafayette,P1,Intent competes directly with the local commercial landing page; fold unique information into that page before a future one-hop redirect.
/blog/why-your-hands-go-numb-at-night-lafayette-la-guide,200 OK,Indexable,Why Your Hands Go Numb at Night (Lafayette LA Guide) — Relief Plus,Why Your Hands Go Numb at Night (Lafayette LA Guide),,732,https://www.myreliefplus.com/blog/why-your-hands-go-numb-at-night-lafayette-la-guide,Chiropractic / Spine,Narrow patient education / informational,Low,KEEP / LIGHT POLISH,,/pinched-nerve-lafayette,P2,"Distinct narrow informational intent; preserve URL and original date, then improve links, sourcing, and wording only where needed."
/blog/knee-pain-treatment-in-lafayette-la-causes-solutions-and-when-to-get-help,200 OK,Indexable,"Knee Pain Treatment in Lafayette LA: Causes, Solutions, and When to Get Help — Relief Plus","Knee Pain Treatment in Lafayette LA: Causes, Solutions, and When to Get Help",,684,https://www.myreliefplus.com/blog/knee-pain-treatment-in-lafayette-la-causes-solutions-and-when-to-get-help,Knee / Hip / Lower Extremity,Local commercial treatment intent,High,CONSOLIDATE TO LANDING PAGE,/knee-pain-lafayette,/knee-pain-lafayette,P1,Intent competes directly with the local commercial landing page; fold unique information into that page before a future one-hop redirect.
/blog/headache-relief-in-lafayette-la-when-its-coming-from-your-neck-and-what-actually-helps,200 OK,Indexable,Headache Relief in Lafayette LA: When It’s Coming From Your Neck (And What Actually Helps) — Relief Plus,Headache Relief in Lafayette LA: When It’s Coming From Your Neck (And What Actually Helps),,778,https://www.myreliefplus.com/blog/headache-relief-in-lafayette-la-when-its-coming-from-your-neck-and-what-actually-helps,TMJ / Headache,Local commercial treatment intent,High,UPGRADE,,/neck-pain-lafayette,P2,"Preserve URL and original publication date; improve unique purpose, clinical nuance, sources, headings, and contextual links. Refine overbroad or promotional claims where present."
/blog/why-your-shoulder-hurts-when-you-sleep-lafayette-la-guide,200 OK,Indexable,Why Your Shoulder Hurts When You Sleep (Lafayette LA Guide) — Relief Plus,Why Your Shoulder Hurts When You Sleep (Lafayette LA Guide),,739,https://www.myreliefplus.com/blog/why-your-shoulder-hurts-when-you-sleep-lafayette-la-guide,Shoulder / Upper Extremity,Narrow patient education / informational,Low,KEEP / LIGHT POLISH,,/shoulder-pain-lafayette,P2,"Distinct narrow informational intent; preserve URL and original date, then improve links, sourcing, and wording only where needed."
/blog/delayed-pain-after-a-car-accident-in-lafayette-la-why-symptoms-show-up-later,200 OK,Indexable,Delayed Pain After a Car Accident in Lafayette LA: Why Symptoms Show Up Later — Relief Plus,Delayed Pain After a Car Accident in Lafayette LA: Why Symptoms Show Up Later,,735,https://www.myreliefplus.com/blog/delayed-pain-after-a-car-accident-in-lafayette-la-why-symptoms-show-up-later,Injury / Function,Narrow patient education / informational,Low,KEEP / LIGHT POLISH,,/car-accident-injuries-lafayette,P2,"Distinct narrow informational intent; preserve URL and original date, then improve links, sourcing, and wording only where needed."
/blog/how-long-after-a-car-accident-should-you-see-a-chiropractor-in-lafayette-la,200 OK,Indexable,How Long After a Car Accident Should You See a Chiropractor in Lafayette LA? — Relief Plus,How Long After a Car Accident Should You See a Chiropractor in Lafayette LA?,,730,https://www.myreliefplus.com/blog/how-long-after-a-car-accident-should-you-see-a-chiropractor-in-lafayette-la,Injury / Function,Narrow patient education / informational,High,KEEP / LIGHT POLISH,,/car-accident-injuries-lafayette,P2,"Distinct narrow informational intent; preserve URL and original date, then improve links, sourcing, and wording only where needed."
/blog/why-your-foot-hurts-when-you-first-wake-up-lafayette-la-guide,200 OK,Indexable,Why Your Foot Hurts When You First Wake Up (Lafayette LA Guide) — Relief Plus,Why Your Foot Hurts When You First Wake Up (Lafayette LA Guide),,757,https://www.myreliefplus.com/blog/why-your-foot-hurts-when-you-first-wake-up-lafayette-la-guide,Knee / Hip / Lower Extremity,Narrow patient education / informational,Low,KEEP / LIGHT POLISH,,/plantar-fasciitis-lafayette,P2,"Distinct narrow informational intent; preserve URL and original date, then improve links, sourcing, and wording only where needed."
/blog?offset=1775577131561,200 OK,Non-Indexable,Blog — Relief Plus,The Carencro Worker’s Guide to Lumbar Health: Keeping Acadiana Strong,"Learn why back pain, neck pain, sciatica, and joint injuries are so common in Carencro, LA, and how chiropractic care, rehab, and movement-based treatment can help.",529,https://www.myreliefplus.com/blog,Local / Educational,Archive pagination/filter,Medium,NOINDEX / TAXONOMY REVIEW,/blog,/services,P3,Pagination/filter variant; keep out of sitemap and canonicalize within the future hub/archive model. Do not redirect parameters blindly.
/blog/why-your-knee-hurts-when-going-up-stairs-lafayette-la-guide,200 OK,Indexable,Why Your Knee Hurts When Going Up Stairs (Lafayette LA Guide) — Relief Plus,Why Your Knee Hurts When Going Up Stairs (Lafayette LA Guide),,741,https://www.myreliefplus.com/blog/why-your-knee-hurts-when-going-up-stairs-lafayette-la-guide,Knee / Hip / Lower Extremity,Narrow patient education / informational,Low,KEEP / LIGHT POLISH,,/knee-pain-lafayette,P2,"Distinct narrow informational intent; preserve URL and original date, then improve links, sourcing, and wording only where needed."
/blog/why-your-lower-back-hurts-when-sitting-lafayette-la-guide,200 OK,Indexable,Why Your Lower Back Hurts When Sitting (Lafayette LA Guide) — Relief Plus,Why Your Lower Back Hurts When Sitting (Lafayette LA Guide),,732,https://www.myreliefplus.com/blog/why-your-lower-back-hurts-when-sitting-lafayette-la-guide,Chiropractic / Spine,Narrow patient education / informational,Low,KEEP / LIGHT POLISH,,/back-pain-lafayette,P2,"Distinct narrow informational intent; preserve URL and original date, then improve links, sourcing, and wording only where needed."
/blog/why-your-back-hurts-when-you-stand-too-long-lafayette-la-guide,200 OK,Indexable,Why Your Back Hurts When You Stand Too Long (Lafayette LA Guide) — Relief Plus,Why Your Back Hurts When You Stand Too Long (Lafayette LA Guide),,744,https://www.myreliefplus.com/blog/why-your-back-hurts-when-you-stand-too-long-lafayette-la-guide,Chiropractic / Spine,Narrow patient education / informational,Low,RESTORE HIGH PRIORITY,,/back-pain-lafayette,P2,"Distinct narrow informational intent; preserve URL and original date, then improve links, sourcing, and wording only where needed."
/blog/the-rhythm-of-recovery-why-acadianas-musicians-are-turning-to-chiropractic-care,200 OK,Indexable,The Rhythm of Recovery: Why Acadiana’s Musicians are Turning to Chiropractic Care — Relief Plus,The Rhythm of Recovery: Why Acadiana’s Musicians are Turning to Chiropractic Care,,693,https://www.myreliefplus.com/blog/the-rhythm-of-recovery-why-acadianas-musicians-are-turning-to-chiropractic-care,Injury / Function,Narrow patient education / informational,Low,RESTORE LOWER PRIORITY,,/chiropractic-adjustments-lafayette,P2,"Preserve URL and original publication date; improve unique purpose, clinical nuance, sources, headings, and contextual links. Refine overbroad or promotional claims where present."
/blog/cervical-traction-a-path-to-relief-at-relief-plus-chiropractic-clinic,200 OK,Indexable,Cervical Traction: A Path to Relief at Relief Plus Chiropractic Clinic — Relief Plus,Cervical Traction: A Path to Relief at Relief Plus Chiropractic Clinic,,571,https://www.myreliefplus.com/blog/cervical-traction-a-path-to-relief-at-relief-plus-chiropractic-clinic,Chiropractic / Spine,Treatment or condition education,Low,UPGRADE,,/neck-pain-lafayette,P1,"Preserve URL and original publication date; improve unique purpose, clinical nuance, sources, headings, and contextual links. Refine overbroad or promotional claims where present."
/blog/the-safest-approach-to-cervical-spine-manipulation-reducing-risks-and-enhancing-health,200 OK,Indexable,The Safest Approach to Cervical Spine Manipulation: Reducing Risks and Enhancing Health — Relief Plus,The Safest Approach to Cervical Spine Manipulation: Reducing Risks and Enhancing Health,,727,https://www.myreliefplus.com/blog/the-safest-approach-to-cervical-spine-manipulation-reducing-risks-and-enhancing-health,Chiropractic / Spine,Narrow patient education / informational,Medium,UPGRADE,,/neck-pain-lafayette,P1,"Preserve URL and original publication date; improve unique purpose, clinical nuance, sources, headings, and contextual links. Refine overbroad or promotional claims where present."
/blog/lumbar-disc-pain-why-your-back-isnt-just-tight-and-what-to-do-about-it,200 OK,Indexable,Lumbar Disc Pain: Why Your Back Isn’t “Just Tight” — And What to Do About It — Relief Plus,Lumbar Disc Pain: Why Your Back Isn’t “Just Tight” — And What to Do About It,,609,https://www.myreliefplus.com/blog/lumbar-disc-pain-why-your-back-isnt-just-tight-and-what-to-do-about-it,Chiropractic / Spine,Narrow patient education / informational,Low,UPGRADE,,/herniated-disc-lafayette,P2,"Preserve URL and original publication date; improve unique purpose, clinical nuance, sources, headings, and contextual links. Refine overbroad or promotional claims where present."
/blog/unlocking-the-bodys-potential-the-science-of-natural-movement,200 OK,Indexable,Unlocking the Body's Potential: The Science of Natural Movement — Relief Plus,Unlocking the Body's Potential: The Science of Natural Movement,,582,https://www.myreliefplus.com/blog/unlocking-the-bodys-potential-the-science-of-natural-movement,Injury / Function,Narrow patient education / informational,Low,RESTORE LOWER PRIORITY,,/physical-therapy-lafayette,P2,"Preserve URL and original publication date; improve unique purpose, clinical nuance, sources, headings, and contextual links. Refine overbroad or promotional claims where present."
/blog/exploring-the-mobile-stable-complex-by-janda-insights-into-functional-injuries,200 OK,Indexable,Exploring the Mobile-Stable Complex by Janda: Insights into Functional Injuries — Relief Plus,Exploring the Mobile-Stable Complex by Janda: Insights into Functional Injuries,"In our latest blog post, we explore Dr. Vladimir Janda's influential concept of the mobile-stable complex, which provides deep insights into the root causes of functional injuries. This theory explains how the body's alternating zones of mobility and stability must function in harmony to avoid dysfunction and injury. By examining how imbalances between these zones can lead to common musculoskeletal complaints, we highlight the importance of targeted treatments that enhance mobility in restricted areas and increase stability where necessary. Discover how integrating Janda's principles into clinical practice can not only alleviate pain but also prevent future injuries, paving the way for optimal physical health. Join us as we delve into the mechanics of the body according to Janda, offering new perspectives and effective strategies for managing and overcoming chronic pain and dysfunction.",645,https://www.myreliefplus.com/blog/exploring-the-mobile-stable-complex-by-janda-insights-into-functional-injuries,Local / Educational,Treatment or condition education,Low,RESTORE LOWER PRIORITY,,/services,P2,"Preserve URL and original publication date; improve unique purpose, clinical nuance, sources, headings, and contextual links. Refine overbroad or promotional claims where present."
/blog/sciatica-treatment-in-lafayette-la-how-to-get-relief-fast-and-what-actually-works,200 OK,Indexable,Sciatica Treatment in Lafayette LA: How to Get Relief Fast (And What Actually Works) — Relief Plus,Sciatica Treatment in Lafayette LA: How to Get Relief Fast (And What Actually Works),,765,https://www.myreliefplus.com/blog/sciatica-treatment-in-lafayette-la-how-to-get-relief-fast-and-what-actually-works,Chiropractic / Spine,Local commercial treatment intent,High,CONSOLIDATE TO LANDING PAGE,/sciatica-treatment-lafayette,/sciatica-treatment-lafayette,P1,Intent competes directly with the local commercial landing page; fold unique information into that page before a future one-hop redirect.
/blog/when-to-see-a-chiropractor-in-lafayette-la-signs-you-shouldnt-ignore,200 OK,Indexable,When to See a Chiropractor in Lafayette LA: Signs You Shouldn’t Ignore — Relief Plus,When to See a Chiropractor in Lafayette LA: Signs You Shouldn’t Ignore,,811,https://www.myreliefplus.com/blog/when-to-see-a-chiropractor-in-lafayette-la-signs-you-shouldnt-ignore,Chiropractic / Spine,Narrow patient education / informational,High,CONSOLIDATE TO LANDING PAGE,/chiropractic-adjustments-lafayette,/chiropractic-adjustments-lafayette,P2,"Preserve URL and original publication date; improve unique purpose, clinical nuance, sources, headings, and contextual links. Refine overbroad or promotional claims where present."
/blog?offset=1775330060265&reversePaginate=true,0 Blocked by robots.txt,Non-Indexable,,,,0,,Local / Educational,Archive pagination/filter,Medium,NOINDEX / TAXONOMY REVIEW,/blog,/services,P3,Pagination/filter variant; keep out of sitemap and canonicalize within the future hub/archive model. Do not redirect parameters blindly.
/blog/strengthening-your-foundation-top-three-exercises-for-low-back-stability,200 OK,Indexable,Strengthening Your Foundation: Top Three Exercises for Low Back Stability — Relief Plus,Strengthening Your Foundation: Top Three Exercises for Low Back Stability,,605,https://www.myreliefplus.com/blog/strengthening-your-foundation-top-three-exercises-for-low-back-stability,Chiropractic / Spine,Narrow patient education / informational,Low,RESTORE HIGH PRIORITY,,/back-pain-lafayette,P2,"Distinct narrow informational intent; preserve URL and original date, then improve links, sourcing, and wording only where needed."
/blog/back-pain-treatment-in-lafayette-la-what-actually-works-and-why-most-treatments-fail,200 OK,Indexable,Back Pain Treatment in Lafayette LA: What Actually Works (And Why Most Treatments Fail) — Relief Plus,Back Pain Treatment in Lafayette LA: What Actually Works (And Why Most Treatments Fail),,770,https://www.myreliefplus.com/blog/back-pain-treatment-in-lafayette-la-what-actually-works-and-why-most-treatments-fail,Chiropractic / Spine,Local commercial treatment intent,High,CONSOLIDATE TO LANDING PAGE,/back-pain-lafayette,/back-pain-lafayette,P1,Intent competes directly with the local commercial landing page; fold unique information into that page before a future one-hop redirect.
/blog/integrating-developmental-kinesiology-into-everyday-life,200 OK,Indexable,Integrating Developmental Kinesiology into Everyday Life — Relief Plus,Integrating Developmental Kinesiology into Everyday Life,,702,https://www.myreliefplus.com/blog/integrating-developmental-kinesiology-into-everyday-life,Injury / Function,Treatment or condition education,Low,RESTORE LOWER PRIORITY,,/physical-therapy-lafayette,P2,"Preserve URL and original publication date; improve unique purpose, clinical nuance, sources, headings, and contextual links. Refine overbroad or promotional claims where present."
/blog/understanding-and-managing-mortons-neuroma-a-comprehensive-guide,200 OK,Indexable,Understanding and Managing Morton's Neuroma: A Comprehensive Guide — Relief Plus,Understanding and Managing Morton's Neuroma: A Comprehensive Guide,,561,https://www.myreliefplus.com/blog/understanding-and-managing-mortons-neuroma-a-comprehensive-guide,Knee / Hip / Lower Extremity,Narrow patient education / informational,Low,RESTORE HIGH PRIORITY,,/tendonitis-treatment-lafayette,P2,"Distinct narrow informational intent; preserve URL and original date, then improve links, sourcing, and wording only where needed."
/blog/the-carencro-commute-and-the-industrial-athlete-is-your-job-winning-the-war-on-your-spine,200 OK,Indexable,"The Carencro Commute and the ""Industrial Athlete"": Is Your Job Winning the War on Your Spine? — Relief Plus","The Carencro Commute and the ""Industrial Athlete"": Is Your Job Winning the War on Your Spine?",,774,https://www.myreliefplus.com/blog/the-carencro-commute-and-the-industrial-athlete-is-your-job-winning-the-war-on-your-spine,Injury / Function,Treatment or condition education,Low,UPGRADE,,/work-injury-lafayette,P2,"Preserve URL and original publication date; improve unique purpose, clinical nuance, sources, headings, and contextual links. Refine overbroad or promotional claims where present."
/blog/breathing-and-posture-foundations-of-optimal-health,200 OK,Indexable,Breathing and Posture: Foundations of Optimal Health — Relief Plus,Breathing and Posture: Foundations of Optimal Health,,574,https://www.myreliefplus.com/blog/breathing-and-posture-foundations-of-optimal-health,Injury / Function,Treatment or condition education,Low,RESTORE LOWER PRIORITY,,/physical-therapy-lafayette,P2,"Preserve URL and original publication date; improve unique purpose, clinical nuance, sources, headings, and contextual links. Refine overbroad or promotional claims where present."
/blog/headaches-that-wont-go-away-it-might-not-be-what-you-think,200 OK,Indexable,Headaches That Won’t Go Away? It Might Not Be What You Think — Relief Plus,Headaches That Won’t Go Away? It Might Not Be What You Think,,638,https://www.myreliefplus.com/blog/headaches-that-wont-go-away-it-might-not-be-what-you-think,TMJ / Headache,Narrow patient education / informational,Low,RESTORE HIGH PRIORITY,,/headache-treatment-lafayette,P2,"Preserve URL and original publication date; improve unique purpose, clinical nuance, sources, headings, and contextual links. Refine overbroad or promotional claims where present."
/blog?offset=1713965165354,200 OK,Non-Indexable,Blog — Relief Plus,Understanding Scapular Dyskinesis: The Hidden Culprit Behind Shoulder Pain,"Learn why back pain, neck pain, sciatica, and joint injuries are so common in Carencro, LA, and how chiropractic care, rehab, and movement-based treatment can help.",377,https://www.myreliefplus.com/blog,Local / Educational,Archive pagination/filter,Medium,NOINDEX / TAXONOMY REVIEW,/blog,/services,P3,Pagination/filter variant; keep out of sitemap and canonicalize within the future hub/archive model. Do not redirect parameters blindly.
/blog/integrating-chiropractic-care-and-physical-therapy-for-comprehensive-pain-management,200 OK,Indexable,Integrating Chiropractic Care and Physical Therapy for Comprehensive Pain Management — Relief Plus,Integrating Chiropractic Care and Physical Therapy for Comprehensive Pain Management,,649,https://www.myreliefplus.com/blog/integrating-chiropractic-care-and-physical-therapy-for-comprehensive-pain-management,Chiropractic / Spine,Treatment or condition education,Low,RESTORE LOWER PRIORITY,,/chiropractic-adjustments-lafayette,P2,"Preserve URL and original publication date; improve unique purpose, clinical nuance, sources, headings, and contextual links. Refine overbroad or promotional claims where present."
/blog/pregnancy-pain-whats-normal-whats-not-and-how-to-find-relief-safely,200 OK,Indexable,"Pregnancy Pain: What’s Normal, What’s Not, and How to Find Relief Safely — Relief Plus","Pregnancy Pain: What’s Normal, What’s Not, and How to Find Relief Safely",,575,https://www.myreliefplus.com/blog/pregnancy-pain-whats-normal-whats-not-and-how-to-find-relief-safely,Injury / Function,Narrow patient education / informational,Low,RESTORE HIGH PRIORITY,,/services,P1,"Preserve URL and original publication date; improve unique purpose, clinical nuance, sources, headings, and contextual links. Refine overbroad or promotional claims where present."
/blog?author=65c4d351aeb76a63df60df03,0 Blocked by robots.txt,Non-Indexable,,,,0,,Local / Educational,Archive pagination/filter,Medium,NOINDEX / TAXONOMY REVIEW,/blog,/services,P3,Pagination/filter variant; keep out of sitemap and canonicalize within the future hub/archive model. Do not redirect parameters blindly.
/blog/beyond-the-adjustment-why-carencros-industrial-athletes-trust-relief-plus-for-total-recovery,200 OK,Indexable,"Beyond the Adjustment: Why Carencro’s ""Industrial Athletes"" Trust Relief Plus for Total Recovery — Relief Plus","Beyond the Adjustment: Why Carencro’s ""Industrial Athletes"" Trust Relief Plus for Total Recovery",,661,https://www.myreliefplus.com/blog/beyond-the-adjustment-why-carencros-industrial-athletes-trust-relief-plus-for-total-recovery,Injury / Function,Narrow patient education / informational,High,CONSOLIDATE TO ARTICLE,/blog/the-carencro-commute-and-the-industrial-athlete-is-your-job-winning-the-war-on-your-spine,/work-injury-lafayette,P1,Substantial topical overlap; preserve the stronger article and plan a one-hop redirect only after content/backlink review.
/blog/rediscovering-primal-movement-patterns-for-modern-wellness,200 OK,Indexable,Rediscovering Primal Movement Patterns for Modern Wellness — Relief Plus,Rediscovering Primal Movement Patterns for Modern Wellness,,451,https://www.myreliefplus.com/blog/rediscovering-primal-movement-patterns-for-modern-wellness,Injury / Function,Treatment or condition education,High,CONSOLIDATE TO ARTICLE,/blog/unlocking-the-bodys-potential-the-science-of-natural-movement,/physical-therapy-lafayette,P1,Substantial topical overlap; preserve the stronger article and plan a one-hop redirect only after content/backlink review.
/blog/the-carencro-workers-guide-to-lumbar-health-keeping-acadiana-strong,200 OK,Indexable,The Carencro Worker’s Guide to Lumbar Health: Keeping Acadiana Strong — Relief Plus,The Carencro Worker’s Guide to Lumbar Health: Keeping Acadiana Strong,,772,https://www.myreliefplus.com/blog/the-carencro-workers-guide-to-lumbar-health-keeping-acadiana-strong,Injury / Function,Narrow patient education / informational,Low,RESTORE LOWER PRIORITY,,/back-pain-lafayette,P2,"Distinct narrow informational intent; preserve URL and original date, then improve links, sourcing, and wording only where needed."
/blog/team,404 Not Found,Non-Indexable,,,,0,,Local / Educational,Invalid legacy team/blog path,Medium,NOINDEX / TAXONOMY REVIEW,,/services,P2,Current 404; preserve for backlink/Search Console review before any retirement or redirect decision.
/blog/frozen-shoulder-effective-exercises-for-regaining-your-range-of-motion,200 OK,Indexable,Regain Mobility: Top Exercises for Frozen Shoulder Relief & Flexibility — Relief Plus,Frozen Shoulder: Effective Exercises for Regaining Your Range of Motion,Discover effective exercises to alleviate frozen shoulder symptoms and restore your range of motion. This guide offers step-by-step instructions for stretches and movements designed to reduce pain and improve flexibility. Ideal for individuals seeking natural relief and a path to recovery.,675,https://www.myreliefplus.com/blog/frozen-shoulder-effective-exercises-for-regaining-your-range-of-motion,Shoulder / Upper Extremity,Narrow patient education / informational,Low,RESTORE,,/frozen-shoulder-lafayette,P0,"Linked from a built condition page; restore exact URL and upgrade evidence, structure, metadata, and internal links during build."
/blog/unlocking-the-secrets-of-sleep-chiropractic-techniques-for-a-restful-night,200 OK,Indexable,Unlocking the Secrets of Sleep: Chiropractic Techniques for a Restful Night — Relief Plus,Unlocking the Secrets of Sleep: Chiropractic Techniques for a Restful Night,,583,https://www.myreliefplus.com/blog/unlocking-the-secrets-of-sleep-chiropractic-techniques-for-a-restful-night,Injury / Function,Narrow patient education / informational,Low,HOLD FOR OWNER REVIEW,,/chiropractic-adjustments-lafayette,P2,"Preserve URL and original publication date; improve unique purpose, clinical nuance, sources, headings, and contextual links. Refine overbroad or promotional claims where present."
/blog/relieving-tension-headaches-the-chiropractic-approach,200 OK,Indexable,Relieving Tension Headaches: The Chiropractic Approach — Relief Plus,Relieving Tension Headaches: The Chiropractic Approach,,544,https://www.myreliefplus.com/blog/relieving-tension-headaches-the-chiropractic-approach,TMJ / Headache,Narrow patient education / informational,Low,CONSOLIDATE TO ARTICLE,/blog/understanding-the-difference-tension-headaches-vs-migraines,/headache-treatment-lafayette,P2,"Preserve URL and original publication date; improve unique purpose, clinical nuance, sources, headings, and contextual links. Refine overbroad or promotional claims where present."
/blog?offset=1710766924823,200 OK,Non-Indexable,Blog — Relief Plus,Discover the Power of PRP Therapy for Tennis Elbow at Relief Plus,"Learn why back pain, neck pain, sciatica, and joint injuries are so common in Carencro, LA, and how chiropractic care, rehab, and movement-based treatment can help.",82,https://www.myreliefplus.com/blog,Local / Educational,Archive pagination/filter,Medium,NOINDEX / TAXONOMY REVIEW,/blog,/services,P3,Pagination/filter variant; keep out of sitemap and canonicalize within the future hub/archive model. Do not redirect parameters blindly.
/blog/the-effectiveness-of-dry-needling-for-plantar-fasciitis-insights-by-dr-shawn-d-johnston-at-relief-plus,200 OK,Indexable,The Effectiveness of Dry Needling for Plantar Fasciitis: Insights by Dr. Shawn D. Johnston at Relief Plus — Relief Plus,The Effectiveness of Dry Needling for Plantar Fasciitis: Insights by Dr. Shawn D. Johnston at Relief Plus,,680,https://www.myreliefplus.com/blog/the-effectiveness-of-dry-needling-for-plantar-fasciitis-insights-by-dr-shawn-d-johnston-at-relief-plus,Knee / Hip / Lower Extremity,Treatment or condition education,Low,UPGRADE,,/plantar-fasciitis-lafayette,P2,"Preserve URL and original publication date; improve unique purpose, clinical nuance, sources, headings, and contextual links. Refine overbroad or promotional claims where present."
/blog/piriformis-syndrome-and-l5-s1-disc-bulge-a-comparative-insight-by-dr-shawn-johnston-at-relief-plus,200 OK,Indexable,Piriformis Syndrome and L5 S1 Disc Bulge: A Comparative Insight by Dr. Shawn Johnston at Relief Plus — Relief Plus,Piriformis Syndrome and L5 S1 Disc Bulge: A Comparative Insight by Dr. Shawn Johnston at Relief Plus,,706,https://www.myreliefplus.com/blog/piriformis-syndrome-and-l5-s1-disc-bulge-a-comparative-insight-by-dr-shawn-johnston-at-relief-plus,Chiropractic / Spine,Treatment or condition education,Low,RESTORE HIGH PRIORITY,,/sciatica-treatment-lafayette,P2,"Preserve URL and original publication date; improve unique purpose, clinical nuance, sources, headings, and contextual links. Refine overbroad or promotional claims where present."
/blog/unraveling-dequervains-syndrome-innovative-treatments-at-relief-plus,200 OK,Indexable,Unraveling DeQuervain's Syndrome: Innovative Treatments at Relief Plus — Relief Plus,Unraveling DeQuervain's Syndrome: Innovative Treatments at Relief Plus,"Discover effective relief for DeQuervain's Syndrome with Relief Plus. Learn about our expert diagnosis and innovative treatments, including shockwave therapy, dry needling, soft tissue techniques, and therapeutic exercises tailored to reduce pain and enhance wrist functionality. Find out how our personalized care can help you return to a pain-free lifestyle.",634,https://www.myreliefplus.com/blog/unraveling-dequervains-syndrome-innovative-treatments-at-relief-plus,Shoulder / Upper Extremity,Treatment or condition education,Low,UPGRADE,,/services,P2,"Preserve URL and original publication date; improve unique purpose, clinical nuance, sources, headings, and contextual links. Refine overbroad or promotional claims where present."
/blog/understanding-arm-numbness-differentiating-causes-by-symptoms,200 OK,Indexable,Understanding Arm Numbness: Differentiating Causes by Symptoms — Relief Plus,Understanding Arm Numbness: Differentiating Causes by Symptoms,,555,https://www.myreliefplus.com/blog/understanding-arm-numbness-differentiating-causes-by-symptoms,Shoulder / Upper Extremity,Narrow patient education / informational,Low,RESTORE HIGH PRIORITY,,/pinched-nerve-lafayette,P2,"Preserve URL and original publication date; improve unique purpose, clinical nuance, sources, headings, and contextual links. Refine overbroad or promotional claims where present."
/blog?offset=1713629520500&reversePaginate=true,0 Blocked by robots.txt,Non-Indexable,,,,0,,Local / Educational,Archive pagination/filter,Medium,NOINDEX / TAXONOMY REVIEW,/blog,/services,P3,Pagination/filter variant; keep out of sitemap and canonicalize within the future hub/archive model. Do not redirect parameters blindly.
/blog/understanding-the-difference-tension-headaches-vs-migraines,200 OK,Indexable,Understanding the Difference: Tension Headaches vs. Migraines — Relief Plus,Understanding the Difference: Tension Headaches vs. Migraines,,627,https://www.myreliefplus.com/blog/understanding-the-difference-tension-headaches-vs-migraines,TMJ / Headache,Narrow patient education / informational,Low,KEEP / LIGHT POLISH,,/headache-treatment-lafayette,P2,"Distinct narrow informational intent; preserve URL and original date, then improve links, sourcing, and wording only where needed."
/blog/lipolaser-understanding-the-effectiveness-of-targeted-fat-loss,200 OK,Indexable,LipoLaser: Understanding the Effectiveness of Targeted Fat Loss — Relief Plus,LipoLaser: Understanding the Effectiveness of Targeted Fat Loss,,653,https://www.myreliefplus.com/blog/lipolaser-understanding-the-effectiveness-of-targeted-fat-loss,Regenerative / Advanced Treatments,Narrow patient education / informational,Low,HOLD FOR OWNER REVIEW,,/services,P1,"Preserve URL and original publication date; improve unique purpose, clinical nuance, sources, headings, and contextual links. Refine overbroad or promotional claims where present."
/blog/prp-and-dry-needling-complementary-approaches-to-muscle-injury-treatment-at-relief-plus,200 OK,Indexable,PRP and Dry Needling: Complementary Approaches to Muscle Injury Treatment at Relief Plus — Relief Plus,PRP and Dry Needling: Complementary Approaches to Muscle Injury Treatment at Relief Plus,,620,https://www.myreliefplus.com/blog/prp-and-dry-needling-complementary-approaches-to-muscle-injury-treatment-at-relief-plus,Regenerative / Advanced Treatments,Narrow patient education / informational,Low,UPGRADE,,/prp-therapy-lafayette,P2,"Preserve URL and original publication date; improve unique purpose, clinical nuance, sources, headings, and contextual links. Refine overbroad or promotional claims where present."
/blog/facet-syndrome-how-chiropractic-adjustments-and-dry-needling-bring-relief,200 OK,Indexable,Facet Syndrome: How Chiropractic Adjustments and Dry Needling Bring Relief — Relief Plus,Facet Syndrome: How Chiropractic Adjustments and Dry Needling Bring Relief,,652,https://www.myreliefplus.com/blog/facet-syndrome-how-chiropractic-adjustments-and-dry-needling-bring-relief,Regenerative / Advanced Treatments,Narrow patient education / informational,Low,UPGRADE,,/back-pain-lafayette,P2,"Preserve URL and original publication date; improve unique purpose, clinical nuance, sources, headings, and contextual links. Refine overbroad or promotional claims where present."
/blog/shockwave-therapy-and-dry-needling-a-dual-approach-to-treating-runners-knee,200 OK,Indexable,Struggling With Runner's Knee? — Relief Plus,Shockwave Therapy and Dry Needling: A Dual Approach to Treating Runner's Knee,,684,https://www.myreliefplus.com/blog/shockwave-therapy-and-dry-needling-a-dual-approach-to-treating-runners-knee,Knee / Hip / Lower Extremity,Treatment or condition education,Low,UPGRADE,,/knee-pain-lafayette,P2,"Preserve URL and original publication date; improve unique purpose, clinical nuance, sources, headings, and contextual links. Refine overbroad or promotional claims where present."
/blog/when-to-wear-a-back-brace-for-disc-pain-a-balanced-approach,200 OK,Indexable,When to Wear a Back Brace for disc Pain: A Balanced Approach — Relief Plus,When to Wear a Back Brace for disc Pain: A Balanced Approach,,653,https://www.myreliefplus.com/blog/when-to-wear-a-back-brace-for-disc-pain-a-balanced-approach,Chiropractic / Spine,Narrow patient education / informational,Low,KEEP / LIGHT POLISH,,/herniated-disc-lafayette,P2,"Distinct narrow informational intent; preserve URL and original date, then improve links, sourcing, and wording only where needed."
/blog/the-healing-touch-manual-therapy-techniques-for-soft-tissue-mobilization,200 OK,Indexable,The Healing Touch: Manual Therapy Techniques for Soft Tissue Mobilization — Relief Plus,The Healing Touch: Manual Therapy Techniques for Soft Tissue Mobilization,,585,https://www.myreliefplus.com/blog/the-healing-touch-manual-therapy-techniques-for-soft-tissue-mobilization,Injury / Function,Narrow patient education / informational,Low,RESTORE LOWER PRIORITY,,/physical-therapy-lafayette,P2,"Preserve URL and original publication date; improve unique purpose, clinical nuance, sources, headings, and contextual links. Refine overbroad or promotional claims where present."
/blog/treating-plantar-fasciitis-through-dry-needling-efficacy-and-mechanism,200 OK,Indexable,Treating Plantar Fasciitis Through Dry Needling: Efficacy and Mechanism — Relief Plus,Treating Plantar Fasciitis Through Dry Needling: Efficacy and Mechanism,,591,https://www.myreliefplus.com/blog/treating-plantar-fasciitis-through-dry-needling-efficacy-and-mechanism,Knee / Hip / Lower Extremity,Treatment or condition education,High,CONSOLIDATE TO ARTICLE,/blog/the-effectiveness-of-dry-needling-for-plantar-fasciitis-insights-by-dr-shawn-d-johnston-at-relief-plus,/plantar-fasciitis-lafayette,P1,Substantial topical overlap; preserve the stronger article and plan a one-hop redirect only after content/backlink review.
/blog/treating-vertigo-with-acupuncture-a-holistic-approach,200 OK,Indexable,Treating Vertigo with Acupuncture: A Holistic Approach — Relief Plus,Treating Vertigo with Acupuncture: A Holistic Approach,,586,https://www.myreliefplus.com/blog/treating-vertigo-with-acupuncture-a-holistic-approach,Regenerative / Advanced Treatments,Narrow patient education / informational,Low,HOLD FOR OWNER REVIEW,,/services,P1,"Preserve URL and original publication date; improve unique purpose, clinical nuance, sources, headings, and contextual links. Refine overbroad or promotional claims where present."
/blog/treating-temporomandibular-joint-dysfunction-with-conservative-care,200 OK,Indexable,Treating Temporomandibular Joint Dysfunction with Conservative Care — Relief Plus,Treating Temporomandibular Joint Dysfunction with Conservative Care,,612,https://www.myreliefplus.com/blog/treating-temporomandibular-joint-dysfunction-with-conservative-care,Local / Educational,Treatment or condition education,Low,RESTORE,,/tmj-treatment-lafayette,P0,"Linked from a built condition page; restore exact URL and upgrade evidence, structure, metadata, and internal links during build."
/blog/back-to-basics-core-strengthening-exercises-for-lower-back-pain-relief,200 OK,Indexable,Back to Basics: Core Strengthening Exercises for Lower Back Pain Relief — Relief Plus,Back to Basics: Core Strengthening Exercises for Lower Back Pain Relief,,600,https://www.myreliefplus.com/blog/back-to-basics-core-strengthening-exercises-for-lower-back-pain-relief,Chiropractic / Spine,Narrow patient education / informational,Low,RESTORE LOWER PRIORITY,,/back-pain-lafayette,P2,"Preserve URL and original publication date; improve unique purpose, clinical nuance, sources, headings, and contextual links. Refine overbroad or promotional claims where present."
/blog/understanding-scapular-dyskinesis-the-hidden-culprit-behind-shoulder-pain,200 OK,Indexable,Understanding Scapular Dyskinesis: The Hidden Culprit Behind Shoulder Pain — Relief Plus,Understanding Scapular Dyskinesis: The Hidden Culprit Behind Shoulder Pain,,657,https://www.myreliefplus.com/blog/understanding-scapular-dyskinesis-the-hidden-culprit-behind-shoulder-pain,Shoulder / Upper Extremity,Narrow patient education / informational,Low,KEEP / LIGHT POLISH,,/shoulder-pain-lafayette,P2,"Distinct narrow informational intent; preserve URL and original date, then improve links, sourcing, and wording only where needed."
/blog/the-strategic-use-of-trigger-point-injections-at-relief-plus,200 OK,Indexable,The Strategic Use of Trigger Point Injections at Relief Plus — Relief Plus,The Strategic Use of Trigger Point Injections at Relief Plus,,664,https://www.myreliefplus.com/blog/the-strategic-use-of-trigger-point-injections-at-relief-plus,Regenerative / Advanced Treatments,Treatment or condition education,Low,RESTORE LOWER PRIORITY,,/trigger-point-injections-lafayette,P2,"Preserve URL and original publication date; improve unique purpose, clinical nuance, sources, headings, and contextual links. Refine overbroad or promotional claims where present."
/blog/tag/vertigo,200 OK,Indexable,vertigo — Blog — Relief Plus,Treating Vertigo with Acupuncture: A Holistic Approach,,31,https://www.myreliefplus.com/blog/tag/vertigo,Local / Educational,Tag archive,Medium,NOINDEX / TAXONOMY REVIEW,,/services,P3,Thin tag archive; default to noindex/follow unless Search Console/backlinks justify a curated indexable hub.
/blog/tag/accupunture,200 OK,Indexable,accupunture — Blog — Relief Plus,Treating Vertigo with Acupuncture: A Holistic Approach,,31,https://www.myreliefplus.com/blog/tag/accupunture,Local / Educational,Tag archive,Medium,NOINDEX / TAXONOMY REVIEW,/blog/tag/acupuncture,/services,P2,Misspelled thin tag; later consolidate only if a correctly spelled useful archive is intentionally built.
/blog/tag/dizzines,200 OK,Indexable,dizzines — Blog — Relief Plus,Treating Vertigo with Acupuncture: A Holistic Approach,,31,https://www.myreliefplus.com/blog/tag/dizzines,Local / Educational,Tag archive,Medium,NOINDEX / TAXONOMY REVIEW,/blog/tag/dizziness,/services,P2,Misspelled thin tag; later consolidate only if a correctly spelled useful archive is intentionally built.
/blog?offset=1710522710380&reversePaginate=true,0 Blocked by robots.txt,Non-Indexable,,,,0,,Local / Educational,Archive pagination/filter,Medium,NOINDEX / TAXONOMY REVIEW,/blog,/services,P3,Pagination/filter variant; keep out of sitemap and canonicalize within the future hub/archive model. Do not redirect parameters blindly.
/blog/discover-the-power-of-prp-therapy-for-tennis-elbow-at-relief-plus,200 OK,Indexable,Discover the Power of PRP Therapy for Tennis Elbow at Relief Plus — Relief Plus,Discover the Power of PRP Therapy for Tennis Elbow at Relief Plus,,536,https://www.myreliefplus.com/blog/discover-the-power-of-prp-therapy-for-tennis-elbow-at-relief-plus,Shoulder / Upper Extremity,Treatment or condition education,Low,RESTORE,,/tennis-elbow-lafayette,P0,"Linked from a built condition page; restore exact URL and upgrade evidence, structure, metadata, and internal links during build."
/blog/dry-needling-a-game-changer-in-treating-tennis-elbow-at-relief-plus-with-dr-shawn-johnston-1,200 OK,Indexable,Dry Needling: A Game-Changer in Treating Tennis Elbow at Relief Plus with Dr. Shawn Johnston — Relief Plus,Dry Needling: A Game-Changer in Treating Tennis Elbow at Relief Plus with Dr. Shawn Johnston,,602,https://www.myreliefplus.com/blog/dry-needling-a-game-changer-in-treating-tennis-elbow-at-relief-plus-with-dr-shawn-johnston-1,Shoulder / Upper Extremity,Treatment or condition education,Medium,RESTORE,,/tennis-elbow-lafayette,P0,"Linked from a built condition page; restore exact URL and upgrade evidence, structure, metadata, and internal links during build."
/blog/easing-the-grip-of-disc-bulge-with-radicular-pain-traction-and-adjusting-at-relief-plus,200 OK,Indexable,Easing the Grip of Disc Bulge with Radicular Pain: Traction and Adjusting at Relief Plus — Relief Plus,Easing the Grip of Disc Bulge with Radicular Pain: Traction and Adjusting at Relief Plus,,536,https://www.myreliefplus.com/blog/easing-the-grip-of-disc-bulge-with-radicular-pain-traction-and-adjusting-at-relief-plus,Chiropractic / Spine,Treatment or condition education,Low,RESTORE HIGH PRIORITY,,/herniated-disc-lafayette,P1,"Preserve URL and original publication date; improve unique purpose, clinical nuance, sources, headings, and contextual links. Refine overbroad or promotional claims where present."
/blog/tag/carencro,200 OK,Indexable,carencro — Blog — Relief Plus,Frozen Shoulder: Effective Exercises for Regaining Your Range of Motion,,34,https://www.myreliefplus.com/blog/tag/carencro,Local / Educational,Tag archive,Medium,NOINDEX / TAXONOMY REVIEW,,/chiropractor-carencro-la,P3,Thin tag archive; default to noindex/follow unless Search Console/backlinks justify a curated indexable hub.
/blog/tag/frozen+shoulder,200 OK,Indexable,frozen shoulder — Blog — Relief Plus,Frozen Shoulder: Effective Exercises for Regaining Your Range of Motion,,34,https://www.myreliefplus.com/blog/tag/frozen+shoulder,Shoulder / Upper Extremity,Tag archive,Medium,NOINDEX / TAXONOMY REVIEW,,/shoulder-pain-lafayette,P3,Thin tag archive; default to noindex/follow unless Search Console/backlinks justify a curated indexable hub.
/blog/tag/chiropractor,200 OK,Indexable,chiropractor — Blog — Relief Plus,Frozen Shoulder: Effective Exercises for Regaining Your Range of Motion,,34,https://www.myreliefplus.com/blog/tag/chiropractor,Chiropractic / Spine,Tag archive,Medium,NOINDEX / TAXONOMY REVIEW,,/chiropractic-adjustments-lafayette,P3,Thin tag archive; default to noindex/follow unless Search Console/backlinks justify a curated indexable hub.
/blog/tag/team,404 Not Found,Non-Indexable,,,,0,,Local / Educational,Tag archive,Medium,NOINDEX / TAXONOMY REVIEW,,,P2,Current 404; preserve for backlink/Search Console review before any retirement or redirect decision.
/blog/tag/range+of+motion,200 OK,Indexable,range of motion — Blog — Relief Plus,Frozen Shoulder: Effective Exercises for Regaining Your Range of Motion,,34,https://www.myreliefplus.com/blog/tag/range+of+motion,Local / Educational,Tag archive,Medium,NOINDEX / TAXONOMY REVIEW,,/services,P3,Thin tag archive; default to noindex/follow unless Search Console/backlinks justify a curated indexable hub.
