article_url,primary_supporting_landing_page,secondary_supporting_landing_pages,recommended_contextual_anchor_themes
/blog/why-your-hip-hurts-when-you-walk-lafayette-la-guide,/hip-pain-lafayette,,hip pain evaluation and treatment options | how Relief Plus evaluates this concern | related care and patient education
/blog/why-your-elbow-hurts-when-you-lift-lafayette-la-guide,/tennis-elbow-lafayette,,tennis elbow evaluation and treatment options | how Relief Plus evaluates this concern | related care and patient education
/blog/healing-your-shoulder-why-prolozone-is-a-game-changer-for-ac-joint-injuries,/shoulder-pain-lafayette,,shoulder pain evaluation and treatment options | how Relief Plus evaluates this concern | related care and patient education
/blog/car-accident-injury-treatment-in-lafayette-la-what-to-do-immediately-and-why-waiting-can-make-it-worse,/car-accident-injuries-lafayette,,car accident injuries evaluation and treatment options | how Relief Plus evaluates this concern | related care and patient education
/blog/can-ozone-injections-help-your-knee-osteoarthritis-a-modern-approach-to-pain-management,/knee-osteoarthritis-lafayette,,knee osteoarthritis evaluation and treatment options | how Relief Plus evaluates this concern | related care and patient education
/blog/unlocking-recovery-how-systemic-ozone-therapy-complements-chiropractic-care,/ozone-injection-therapy-lafayette,/chiropractic-adjustments-lafayette,ozone injection therapy evaluation and treatment options | how Relief Plus evaluates this concern | related care and patient education
/blog/why-your-neck-hurts-when-you-wake-up-lafayette-la-guide,/neck-pain-lafayette,,neck pain evaluation and treatment options | how Relief Plus evaluates this concern | related care and patient education
/blog/why-your-jaw-hurts-tmj-pain-guide-for-lafayette-la,/tmj-treatment-lafayette,,tmj treatment evaluation and treatment options | how Relief Plus evaluates this concern | related care and patient education
/blog/whiplash-treatment-in-lafayette-la-symptoms-causes-and-how-to-recover-faster,/hip-pain-lafayette,,hip pain evaluation and treatment options | how Relief Plus evaluates this concern | related care and patient education
/blog/why-your-hands-go-numb-at-night-lafayette-la-guide,/pinched-nerve-lafayette,,pinched nerve evaluation and treatment options | how Relief Plus evaluates this concern | related care and patient education
/blog/headache-relief-in-lafayette-la-when-its-coming-from-your-neck-and-what-actually-helps,/neck-pain-lafayette,,neck pain evaluation and treatment options | how Relief Plus evaluates this concern | related care and patient education
/blog/why-your-shoulder-hurts-when-you-sleep-lafayette-la-guide,/shoulder-pain-lafayette,,shoulder pain evaluation and treatment options | how Relief Plus evaluates this concern | related care and patient education
/blog/delayed-pain-after-a-car-accident-in-lafayette-la-why-symptoms-show-up-later,/car-accident-injuries-lafayette,,car accident injuries evaluation and treatment options | how Relief Plus evaluates this concern | related care and patient education
/blog/how-long-after-a-car-accident-should-you-see-a-chiropractor-in-lafayette-la,/car-accident-injuries-lafayette,/chiropractic-adjustments-lafayette,car accident injuries evaluation and treatment options | how Relief Plus evaluates this concern | related care and patient education
/blog/why-your-foot-hurts-when-you-first-wake-up-lafayette-la-guide,/plantar-fasciitis-lafayette,,plantar fasciitis evaluation and treatment options | how Relief Plus evaluates this concern | related care and patient education
/blog/why-your-knee-hurts-when-going-up-stairs-lafayette-la-guide,/knee-pain-lafayette,,knee pain evaluation and treatment options | how Relief Plus evaluates this concern | related care and patient education
/blog/why-your-lower-back-hurts-when-sitting-lafayette-la-guide,/back-pain-lafayette,,back pain evaluation and treatment options | how Relief Plus evaluates this concern | related care and patient education
/blog/why-your-back-hurts-when-you-stand-too-long-lafayette-la-guide,/back-pain-lafayette,,back pain evaluation and treatment options | how Relief Plus evaluates this concern | related care and patient education
/blog/the-rhythm-of-recovery-why-acadianas-musicians-are-turning-to-chiropractic-care,/chiropractic-adjustments-lafayette,,chiropractic adjustments evaluation and treatment options | how Relief Plus evaluates this concern | related care and patient education
/blog/cervical-traction-a-path-to-relief-at-relief-plus-chiropractic-clinic,/neck-pain-lafayette,/chiropractic-adjustments-lafayette,neck pain evaluation and treatment options | how Relief Plus evaluates this concern | related care and patient education
/blog/the-safest-approach-to-cervical-spine-manipulation-reducing-risks-and-enhancing-health,/neck-pain-lafayette,/chiropractic-adjustments-lafayette,neck pain evaluation and treatment options | how Relief Plus evaluates this concern | related care and patient education
/blog/lumbar-disc-pain-why-your-back-isnt-just-tight-and-what-to-do-about-it,/herniated-disc-lafayette,,herniated disc evaluation and treatment options | how Relief Plus evaluates this concern | related care and patient education
/blog/unlocking-the-bodys-potential-the-science-of-natural-movement,/physical-therapy-lafayette,,physical therapy evaluation and treatment options | how Relief Plus evaluates this concern | related care and patient education
/blog/exploring-the-mobile-stable-complex-by-janda-insights-into-functional-injuries,/services,,services evaluation and treatment options | how Relief Plus evaluates this concern | related care and patient education
/blog/when-to-see-a-chiropractor-in-lafayette-la-signs-you-shouldnt-ignore,/chiropractic-adjustments-lafayette,,chiropractic adjustments evaluation and treatment options | how Relief Plus evaluates this concern | related care and patient education
/blog/strengthening-your-foundation-top-three-exercises-for-low-back-stability,/back-pain-lafayette,/physical-therapy-lafayette,back pain evaluation and treatment options | how Relief Plus evaluates this concern | related care and patient education
/blog/integrating-developmental-kinesiology-into-everyday-life,/physical-therapy-lafayette,,physical therapy evaluation and treatment options | how Relief Plus evaluates this concern | related care and patient education
/blog/understanding-and-managing-mortons-neuroma-a-comprehensive-guide,/tendonitis-treatment-lafayette,,tendonitis treatment evaluation and treatment options | how Relief Plus evaluates this concern | related care and patient education
/blog/the-carencro-commute-and-the-industrial-athlete-is-your-job-winning-the-war-on-your-spine,/work-injury-lafayette,/chiropractor-carencro-la,work injury evaluation and treatment options | how Relief Plus evaluates this concern | related care and patient education
/blog/breathing-and-posture-foundations-of-optimal-health,/physical-therapy-lafayette,,physical therapy evaluation and treatment options | how Relief Plus evaluates this concern | related care and patient education
/blog/headaches-that-wont-go-away-it-might-not-be-what-you-think,/headache-treatment-lafayette,,headache treatment evaluation and treatment options | how Relief Plus evaluates this concern | related care and patient education
/blog/integrating-chiropractic-care-and-physical-therapy-for-comprehensive-pain-management,/chiropractic-adjustments-lafayette,,chiropractic adjustments evaluation and treatment options | how Relief Plus evaluates this concern | related care and patient education
/blog/pregnancy-pain-whats-normal-whats-not-and-how-to-find-relief-safely,/services,,services evaluation and treatment options | how Relief Plus evaluates this concern | related care and patient education
/blog/the-carencro-workers-guide-to-lumbar-health-keeping-acadiana-strong,/back-pain-lafayette,/chiropractor-carencro-la,back pain evaluation and treatment options | how Relief Plus evaluates this concern | related care and patient education
/blog/frozen-shoulder-effective-exercises-for-regaining-your-range-of-motion,/frozen-shoulder-lafayette,/physical-therapy-lafayette,frozen shoulder evaluation and treatment options | how Relief Plus evaluates this concern | related care and patient education
/blog/unlocking-the-secrets-of-sleep-chiropractic-techniques-for-a-restful-night,/chiropractic-adjustments-lafayette,,chiropractic adjustments evaluation and treatment options | how Relief Plus evaluates this concern | related care and patient education
/blog/relieving-tension-headaches-the-chiropractic-approach,/headache-treatment-lafayette,/chiropractic-adjustments-lafayette,headache treatment evaluation and treatment options | how Relief Plus evaluates this concern | related care and patient education
/blog/the-effectiveness-of-dry-needling-for-plantar-fasciitis-insights-by-dr-shawn-d-johnston-at-relief-plus,/plantar-fasciitis-lafayette,/dry-needling-lafayette,plantar fasciitis evaluation and treatment options | how Relief Plus evaluates this concern | related care and patient education
/blog/piriformis-syndrome-and-l5-s1-disc-bulge-a-comparative-insight-by-dr-shawn-johnston-at-relief-plus,/sciatica-treatment-lafayette,,sciatica treatment evaluation and treatment options | how Relief Plus evaluates this concern | related care and patient education
/blog/unraveling-dequervains-syndrome-innovative-treatments-at-relief-plus,/services,,services evaluation and treatment options | how Relief Plus evaluates this concern | related care and patient education
/blog/understanding-arm-numbness-differentiating-causes-by-symptoms,/pinched-nerve-lafayette,,pinched nerve evaluation and treatment options | how Relief Plus evaluates this concern | related care and patient education
/blog/understanding-the-difference-tension-headaches-vs-migraines,/headache-treatment-lafayette,,headache treatment evaluation and treatment options | how Relief Plus evaluates this concern | related care and patient education
/blog/lipolaser-understanding-the-effectiveness-of-targeted-fat-loss,/services,,services evaluation and treatment options | how Relief Plus evaluates this concern | related care and patient education
/blog/prp-and-dry-needling-complementary-approaches-to-muscle-injury-treatment-at-relief-plus,/prp-therapy-lafayette,/dry-needling-lafayette,prp therapy evaluation and treatment options | how Relief Plus evaluates this concern | related care and patient education
/blog/facet-syndrome-how-chiropractic-adjustments-and-dry-needling-bring-relief,/back-pain-lafayette,/dry-needling-lafayette | /chiropractic-adjustments-lafayette,back pain evaluation and treatment options | how Relief Plus evaluates this concern | related care and patient education
/blog/shockwave-therapy-and-dry-needling-a-dual-approach-to-treating-runners-knee,/knee-pain-lafayette,/dry-needling-lafayette | /shockwave-therapy-lafayette,knee pain evaluation and treatment options | how Relief Plus evaluates this concern | related care and patient education
/blog/when-to-wear-a-back-brace-for-disc-pain-a-balanced-approach,/herniated-disc-lafayette,,herniated disc evaluation and treatment options | how Relief Plus evaluates this concern | related care and patient education
/blog/the-healing-touch-manual-therapy-techniques-for-soft-tissue-mobilization,/physical-therapy-lafayette,,physical therapy evaluation and treatment options | how Relief Plus evaluates this concern | related care and patient education
/blog/treating-vertigo-with-acupuncture-a-holistic-approach,/services,,services evaluation and treatment options | how Relief Plus evaluates this concern | related care and patient education
/blog/treating-temporomandibular-joint-dysfunction-with-conservative-care,/tmj-treatment-lafayette,,tmj treatment evaluation and treatment options | how Relief Plus evaluates this concern | related care and patient education
/blog/back-to-basics-core-strengthening-exercises-for-lower-back-pain-relief,/back-pain-lafayette,/physical-therapy-lafayette,back pain evaluation and treatment options | how Relief Plus evaluates this concern | related care and patient education
/blog/understanding-scapular-dyskinesis-the-hidden-culprit-behind-shoulder-pain,/shoulder-pain-lafayette,,shoulder pain evaluation and treatment options | how Relief Plus evaluates this concern | related care and patient education
/blog/the-strategic-use-of-trigger-point-injections-at-relief-plus,/trigger-point-injections-lafayette,,trigger point injections evaluation and treatment options | how Relief Plus evaluates this concern | related care and patient education
/blog/discover-the-power-of-prp-therapy-for-tennis-elbow-at-relief-plus,/tennis-elbow-lafayette,/prp-therapy-lafayette,tennis elbow evaluation and treatment options | how Relief Plus evaluates this concern | related care and patient education
/blog/dry-needling-a-game-changer-in-treating-tennis-elbow-at-relief-plus-with-dr-shawn-johnston-1,/tennis-elbow-lafayette,/dry-needling-lafayette,tennis elbow evaluation and treatment options | how Relief Plus evaluates this concern | related care and patient education
/blog/easing-the-grip-of-disc-bulge-with-radicular-pain-traction-and-adjusting-at-relief-plus,/herniated-disc-lafayette,/chiropractic-adjustments-lafayette,herniated disc evaluation and treatment options | how Relief Plus evaluates this concern | related care and patient education
